{
  "timestamp": "2026-03-23T13:21:34.337001+00:00",
  "task": "deck_composition",
  "loss_type": "bpr",
  "hyperparameters": {
    "hidden_dim": 128,
    "num_heads": 4,
    "num_hgt_layers": 3,
    "dropout": 0.3,
    "learning_rate": 0.001,
    "weight_decay": 0.0001,
    "num_epochs": 50,
    "n_negatives": 50,
    "bpr_margin": 1.0,
    "patience": 10,
    "checkpoint_metric": "val_hits25",
    "freeze_hgt": false,
    "recency_days": 30
  },
  "graph_info": {
    "node_types": {
      "card": 4168,
      "archetype": 6,
      "set": 16
    },
    "edge_types": 11
  },
  "data_split": {
    "split_type": "card_level",
    "train_cards": 61,
    "val_cards": 21,
    "test_cards": 21,
    "total_positive_pairs": 154,
    "archetypes": 6
  },
  "training_curves": {
    "train_losses": [
      10.276900291442871,
      9.07776165008545,
      8.267416954040527,
      7.955232620239258,
      7.066352844238281,
      6.781145095825195,
      5.722754955291748,
      6.018207550048828,
      6.050096035003662,
      5.088308334350586,
      4.627586364746094,
      4.122478008270264,
      3.624142646789551,
      3.6216793060302734,
      3.1675846576690674,
      2.959136724472046,
      2.6668426990509033,
      2.0752644538879395,
      2.540088415145874,
      2.398169755935669,
      2.1330912113189697,
      1.6949042081832886,
      1.7249513864517212,
      1.3984532356262207,
      1.6934317350387573,
      1.0581989288330078,
      1.7014235258102417,
      1.0745896100997925,
      1.102432370185852,
      1.3221889734268188,
      1.2648006677627563,
      0.7939672470092773,
      0.8485420346260071,
      0.887962818145752,
      0.7338314652442932,
      0.6578006148338318,
      0.9088158011436462,
      0.7155354022979736,
      0.8142489790916443,
      0.8784987926483154,
      0.651298463344574,
      0.5447194576263428,
      0.8151688575744629,
      1.0980952978134155,
      0.9283903241157532,
      0.8192949295043945,
      0.8205234408378601,
      0.46291038393974304,
      0.9973108768463135,
      0.6383314728736877
    ],
    "val_hits25": [
      0.037241379310344824,
      0.06625478927203066,
      0.06326628352490422,
      0.1133109833971903,
      0.07579182630906768,
      0.15406449553001278,
      0.18527458492975732,
      0.1955715197956577,
      0.21724457215836526,
      0.23540549169859518,
      0.2423499361430396
    ],
    "val_f1": [
      0.02579621662618212,
      0.01989488655199132,
      0.02244973749399058,
      0.03129787032533142,
      0.03701891367030514,
      0.04596167432122969,
      0.04737335404551235,
      0.052469640599972195,
      0.06205581192405437,
      0.06371663169453197,
      0.06362891872872577
    ],
    "val_mrr": [
      0.009057423601533117,
      0.009903123777832657,
      0.008273615426414829,
      0.017077455077378168,
      0.024234877020241227,
      0.032232010683666414,
      0.029896405552839525,
      0.03378215749882128,
      0.04407823030079833,
      0.04577243418991328,
      0.045887274101803315
    ]
  },
  "best_epoch": 50,
  "final_metrics": {
    "test": {
      "hits_at_25": 0.05681818181818182,
      "hits_at_50": 0.05681818181818182,
      "hits_at_75": 0.05681818181818182,
      "mrr": 0.009812257455634707,
      "f1": 0.01166670638761935,
      "precision": 0.005910076333815979,
      "recall": 0.5137987012987012
    },
    "val": {
      "hits_at_25": 0.0,
      "hits_at_50": 0.041666666666666664,
      "hits_at_75": 0.09325396825396826,
      "mrr": 0.0043689748052803574,
      "f1": 0.009485139851751583,
      "precision": 0.004783984301321024,
      "recall": 0.6317460317460317
    }
  },
  "top_predictions": {
    "Dimir Excruciator": [
      [
        "Benevolent River Spirit",
        0.9984297156333923
      ],
      [
        "Gloomlake Verge",
        0.9983720183372498
      ],
      [
        "Hydro-Man, Fluid Felon",
        0.9979643821716309
      ],
      [
        "Spectral Sailor",
        0.9978500604629517
      ],
      [
        "Soul-Guide Lantern",
        0.9976512789726257
      ],
      [
        "Three Steps Ahead",
        0.9970711469650269
      ],
      [
        "Ambush Wolf",
        0.996529757976532
      ],
      [
        "Bloodghast",
        0.9965125918388367
      ],
      [
        "Spectral Snatcher",
        0.9956845045089722
      ],
      [
        "Swarm, Being of Bees",
        0.995574951171875
      ]
    ],
    "Dimir Midrange": [
      [
        "Gloomlake Verge",
        0.9995775818824768
      ],
      [
        "Benevolent River Spirit",
        0.9993315935134888
      ],
      [
        "Soul-Guide Lantern",
        0.9989681243896484
      ],
      [
        "Spectral Sailor",
        0.9989331364631653
      ],
      [
        "Three Steps Ahead",
        0.9986242055892944
      ],
      [
        "Ambush Wolf",
        0.9984109401702881
      ],
      [
        "Annul",
        0.9980800151824951
      ],
      [
        "Bloodghast",
        0.9979732632637024
      ],
      [
        "Tishana's Tidebinder",
        0.9978688955307007
      ],
      [
        "Hydro-Man, Fluid Felon",
        0.9977508187294006
      ]
    ],
    "Izzet Lessons": [
      [
        "Gloomlake Verge",
        0.9996557235717773
      ],
      [
        "Soul-Guide Lantern",
        0.9991040825843811
      ],
      [
        "Annul",
        0.9990596175193787
      ],
      [
        "Three Steps Ahead",
        0.9989080429077148
      ],
      [
        "Firebending Lesson",
        0.9986500144004822
      ],
      [
        "Benevolent River Spirit",
        0.9986094236373901
      ],
      [
        "Spectral Sailor",
        0.9985756874084473
      ],
      [
        "Long River's Pull",
        0.9982889294624329
      ],
      [
        "Abandon Attachments",
        0.998110294342041
      ],
      [
        "Spell Snare",
        0.9978135824203491
      ]
    ],
    "Izzet Prowess": [
      [
        "Gloomlake Verge",
        0.9994788765907288
      ],
      [
        "Soul-Guide Lantern",
        0.9989847540855408
      ],
      [
        "Annul",
        0.9987751841545105
      ],
      [
        "Three Steps Ahead",
        0.9986683130264282
      ],
      [
        "Benevolent River Spirit",
        0.9983727931976318
      ],
      [
        "Spectral Sailor",
        0.9983360171318054
      ],
      [
        "Long River's Pull",
        0.9979676604270935
      ],
      [
        "Firebending Lesson",
        0.9979331493377686
      ],
      [
        "Abandon Attachments",
        0.9978988170623779
      ],
      [
        "Hydro-Man, Fluid Felon",
        0.9977611303329468
      ]
    ],
    "Izzet Spellementals": [
      [
        "Gloomlake Verge",
        0.9993625283241272
      ],
      [
        "Soul-Guide Lantern",
        0.9987932443618774
      ],
      [
        "Annul",
        0.9986086487770081
      ],
      [
        "Three Steps Ahead",
        0.9985342025756836
      ],
      [
        "Benevolent River Spirit",
        0.9981935620307922
      ],
      [
        "Spectral Sailor",
        0.9980960488319397
      ],
      [
        "Long River's Pull",
        0.997654378414154
      ],
      [
        "Firebending Lesson",
        0.9974772334098816
      ],
      [
        "Abandon Attachments",
        0.9974442720413208
      ],
      [
        "Hydro-Man, Fluid Felon",
        0.9973859190940857
      ]
    ],